Site,Produto,Idade MÃ©dia
Etsy,NEW MEGANIUM RG CubeXX,46.00
Shopee,NEW MEGANIUM RG 40XXV,45.50
Shopee,NEW MEGANIUM RG CubeXX,45.00
Etsy,NEW MEGANIUM RG 40XXV,44.50
Etsy,NEW MEGANIUM RG28XX,44.00
AliExpress,NEW MEGANIUM RG 40XXV,43.00
Shopee,NEW MEGANIUM RG35XX,43.00
AliExpress,NEW MEGANIUM RG35XX,43.00
Etsy,NEW MEGANIUM RG35XX,42.67
AliExpress,NEW MEGANIUM RG28XX,42.50
Etsy,MEGANIUM RG353M,42.00
Shopee,MEGANIUM RG353M,42.00
AliExpress,MEGANIUM RG353M,41.50
Shopee,NEW MEGANIUM RG28XX,41.00
AliExpress,NEW MEGANIUM RG CubeXX,40.00